{"loss": 962.6359252929688, "l2_loss": 288.29486083984375, "l1_loss": 674.341064453125, "_timestamp": 1725300283.9046373, "_runtime": 1.5996284484863281, "_step": 0, "_wandb": {"runtime": 2}}