{"loss": 6.3655290603637695, "l2_loss": 1.978165864944458, "l1_loss": 4.387362957000732, "_timestamp": 1725299011.597524, "_runtime": 111.66964483261108, "_step": 110, "recons_score": 0.9907023894620672, "dead": 0.16656494140625, "below_1e-6": 0.16656494140625, "below_1e-5": 0.16656494140625, "_wandb": {"runtime": 115}}