{"loss": 38.886024475097656, "l2_loss": 12.422449111938477, "l1_loss": 26.463577270507812, "_timestamp": 1725300115.846856, "_runtime": 24.687045097351074, "_step": 7, "recons_score": 0.12506387898120475, "dead": 0.0, "below_1e-6": 0.0, "below_1e-5": 0.0, "_wandb": {"runtime": 24}}