{"loss": 79.40496826171875, "l2_loss": 39.104217529296875, "l1_loss": 40.30074691772461, "_timestamp": 1725300901.6489751, "_runtime": 20.76209020614624, "_step": 3, "recons_score": 0.13860071095817764, "dead": 0.0, "below_1e-6": 0.0, "below_1e-5": 0.0, "_wandb": {"runtime": 22}}