{"loss": 962.6359252929688, "l2_loss": 288.29486083984375, "l1_loss": 674.341064453125, "_timestamp": 1725300942.8141103, "_runtime": 0.8730783462524414, "_step": 0, "_wandb": {"runtime": 2}}