{"loss": 26.725364685058594, "l2_loss": 11.455663681030273, "l1_loss": 15.269701957702637, "_timestamp": 1725302461.9429963, "_runtime": 1477.8866233825684, "_step": 329, "recons_score": 0.9467730337753838, "dead": 0.106689453125, "below_1e-6": 0.106689453125, "below_1e-5": 0.1114501953125, "_wandb": {"runtime": 1481}}