{"loss": 962.6359252929688, "l2_loss": 288.29486083984375, "l1_loss": 674.341064453125, "_timestamp": 1725300541.372577, "_runtime": 1.1104328632354736, "_step": 0, "_wandb": {"runtime": 2}}