{"loss": 962.6359252929688, "l2_loss": 288.29486083984375, "l1_loss": 674.341064453125, "_timestamp": 1725300160.8187785, "_runtime": 1.8389604091644287, "_step": 0, "_wandb": {"runtime": 2}}