{"loss": 23.945558547973633, "l2_loss": 10.915739059448242, "l1_loss": 13.02981948852539, "_timestamp": 1725316178.3717523, "_runtime": 13647.990592241287, "_step": 2975, "recons_score": 0.9720699435344093, "dead": 0.0166015625, "below_1e-6": 0.0166015625, "below_1e-5": 0.016845703125, "reset_neurons": 0.0}